playername,elo
Gumayusi,2483.3226513062914
Keria,2481.110679389697
Faker,2470.056919342456
Oner,2455.4729684476574
Zeus,2441.9290788556023
Bin,2229.681809124662
Xun,2213.448281860992
ON,2195.946985974465
Elk,2176.3194653141463
Knight,2146.465267820915
Kiin,2024.6553370212905
Canyon,2004.9614374531332
Chovy,1976.1015741719068
Peyz,1951.230059884159
Breathe,1904.4773537726599
Tarzan,1896.4083522103829
Xiaohu,1893.1130357699062
Bwipo,1884.5495556534172
Light,1880.1404591212342
Lehends,1876.1241510927823
Inspired,1865.8617272659517
Crisp,1845.7344673119312
Busio,1833.811597031094
Massu,1826.945456545397
Hang,1796.2459343199014
Quad,1776.4376890344363
Zika,1762.7104504504214
Weiwei,1739.2622107779546
Doran,1726.0827040764275
Scout,1717.4016393910797
Zeka,1709.2279735552813
GALA,1695.4428784291483
Viper,1688.411510639713
Meiko,1657.5230297822663
369,1654.793037765282
Tian,1647.6174725132576
Delight,1647.582946564654
CoreJJ,1634.1774823851542
Creme,1629.3884953831614
Peanut,1623.4167944038143
JackeyLove,1619.9193399209225
Impact,1584.4846215281877
Mikyx,1577.8541573484772
TheShy,1577.0560297008813
UmTi,1560.7937171525248
APA,1532.1361190865844
BrokenBlade,1520.0019072349194
Kingen,1503.7827773685303
Yeon,1503.4738079661436
Yike,1496.9190623456952
Aiming,1465.9062522486947
Caps,1464.832684349345
Wei,1454.4368931372649
Moham,1443.5894051413202
Hans Sama,1434.7279751514316
Lucid,1424.6292158407355
ShowMaker,1381.1270264328562
Kiaya,1379.8537462614204
Levi,1361.4435237231296
Oscarinin,1360.587013896155
Flandre,1360.3544604053843
Kanavi,1348.0557439621145
EasyLove,1337.5286922758733
BeryL,1335.8387476641824
Maple,1334.6826628435047
Humanoid,1331.251361771472
Betty,1323.6639500858046
Woody,1322.7469843415508
Azhi,1310.8747678698414
Elio,1306.5915890381873
Noah,1306.4669825267752
Ruler,1301.0008195791747
PerfecT,1292.7542806278384
shanji,1283.282443671546
Kaiwing,1279.366836477513
Gemini,1278.803194395212
1Jiang,1278.7100052017051
Wako,1277.170326505294
JunJia,1273.0619967443363
Emo,1269.8636927917546
Jun,1267.4333331593598
Ale,1265.2001462750216
JimieN,1263.5028235792947
Pyosik,1263.0860481733598
Leyan,1261.016139616723
Hope,1260.7624462507113
Croco,1260.2804328519994
Shanks,1259.9718726031435
Gori,1258.3453677228586
Shunn,1257.4052514648683
SwordArt,1256.1425358905249
Kael,1254.9649451173223
Rest,1254.8545505714008
Karsa,1252.6538112439598
Adam,1247.5531435079458
Sheo,1246.4342635797473
Labrov,1246.22221825158
nuc,1245.4454110109339
Ice,1245.4326325005552
Razork,1241.1692648604599
Fresskowy,1240.6728090597908
Uzi,1235.924759341723
Bdd,1232.7573534442151
MISSING,1231.9896497758202
Pretender,1230.3963209469257
Rookie,1226.3202862832586
Myrwn,1217.3418867449695
Lyonz,1216.2541195887932
EMENES,1215.4459774162883
Yagao,1213.8447311893844
Taco,1201.1927971045336
Cryscata,1200.722451161556
Kellin,1200.429039075827
Orca,1200.2422812585835
Driver,1199.290080162255
Feng,1198.585645609864
665,1197.9062342574798
Summit,1196.2121035964183
MnM,1194.8736793348962
Elyoya,1190.5026826250116
Photic,1190.0750927254862
sheer,1186.3992668555532
Tomo,1185.5582376677658
Quid,1184.2953054427446
Zdz,1181.900009683754
River,1181.5320932580453
milkyway,1180.346827453367
Life,1178.5785282464115
Care,1175.5032058454756
deokdam,1175.1488737059483
Sniper,1169.9748232101615
Leleko,1167.1040478306873
Guigo,1166.7684703396562
Disamis,1166.2959277890914
Deft,1165.9838088191084
ProDelta,1165.9601745892733
Smiley,1164.101739107647
Tide,1162.7802329004096
Beichuan,1158.533780371736
Oddielan,1158.4407721834993
Canna,1158.0131247065533
Eyla,1156.2781289053185
Supa,1155.6707689438792
1xn,1155.2953233837445
Ucal,1154.1854961445538
Grevthar,1153.90438342764
fNb,1153.6054475055657
HOYA,1153.4257353970957
Brance,1153.368582641017
Vladi,1153.0157175984411
Aegis,1152.6088499610928
Feather,1150.764402817434
frosty,1149.1161560229632
Steal,1148.3156194312276
RayFarky,1145.5858059630643
Harp,1144.7899949952891
Aria,1144.6578228064857
Yutapon,1142.7606419498331
Targamas,1142.6443998184857
dyNquedo,1142.5514057170994
Kevy,1142.534428156234
Closer,1142.1045512665805
BioPanther,1141.5484222313498
Aki,1141.2766345461991
Thien,1140.8482331021598
Upset,1140.1841086147344
Shernfire,1139.1515163241015
Leemas,1138.7130469062226
Violet,1138.6669184418772
Aladoric,1138.1024633818058
Haeri,1136.8228933884407
Kurak,1134.578671944467
S1aytrue,1130.0331359725317
Abbedagge,1129.2690274373033
Jinjiao,1129.0168413817673
TitaN,1128.4625891672285
Fighto,1128.4538705564853
Burdol,1128.2402524951992
Keine,1128.1893778622202
Wizer,1127.7652846085546
Meteor,1127.7003672530088
haichao,1126.7177288030007
Shaoye,1126.021612766377
Kuri,1125.4212872248138
Likai,1124.0867889615574
Lauva,1123.5235625047756
Husha,1122.472592364102
Minji,1121.89343554886
JNX,1120.4767375203621
Stay,1120.3595378095558
Holo,1120.1343706907132
Enso,1119.3105142505879
ChiCh1,1115.9514589557448
Berserker,1113.8867538576906
Alvaro,1113.222702575528
Whynot,1112.5981133359903
Blaber,1112.0680786980436
Vulcan,1111.690372712023
YSKM,1111.4766080592387
CarioK,1111.2645204746757
Jojopyun,1110.6605990929834
Xiaolaohu,1110.114654722932
Thanatos,1105.971739221186
Zhuo,1105.148267243706
Bruce,1104.8772861748814
Kisee,1104.8126289899392
Akia,1104.6478918663083
Lived,1103.7924297171458
Slayder,1102.8424842641737
Ahn,1101.4941398435715
Heng,1100.0178831603805
Raes,1099.2371270649592
Milan,1098.8366252078417
LIMIT,1097.9037063286614
ceo,1097.7614725241353
Stixxay,1094.7691834578295
Daglas,1094.1189817110223
Keduii,1093.9335930814855
glfs,1092.8476995437297
Yuuji,1092.3671911224035
neny,1091.8287998734256
Benvi,1091.2403750105318
Scxtt,1091.1905315917772
Vampire,1090.5141230660083
Patrik,1090.4845066678706
Clid,1090.2727918938538
IgNar,1089.791457560133
Spirax,1089.5097511682975
Zven,1086.5747214708322
Jensen,1086.126035506629
Th3Antonio,1086.0104090148884
DNK,1085.498141205067
Hype,1085.379817181211
HamBak,1085.3252633827174
Jackies,1085.2014518490341
Dia1,1085.0437958753932
Nper,1084.6609336401607
Way,1084.0460583389402
Juhan,1083.50212218756
Fudge,1082.5836015537009
Cuzz,1082.5583569341966
Zinie,1082.1032243580519
Blank,1082.0322486446864
Licorice,1079.4915236103195
Aspire,1079.4620425427033
Zyko,1076.9922920293764
Xiaohao,1076.8497380848592
HiRit,1076.780192383774
Atlen,1076.7362753325879
Once,1076.3887935797159
Spica,1076.1994385256244
Caliste,1074.7869558066377
Rahel,1074.643613345976
Alex,1074.3658013627896
Leaper,1073.8058847836212
ScaryJerry,1072.9990707958978
Isles,1072.6122634363103
Parus,1072.1929287161663
DuDu,1071.3685643498652
BuLLDoG,1071.3496936871468
Qiang,1071.301364821139
Natur3,1071.0881730752774
Eddie,1069.312459503702
SkewMond,1069.2406036733178
Cryin,1068.9827525138924
Irrelevant,1068.7712914658782
ISMA,1068.2851613905907
Wink,1068.1990683190554
HARPOON,1067.9192622128924
Luon,1067.5486852223705
RKR,1067.153652592922
Andil,1067.128690810641
SlowQ,1067.0999455812746
bluerzor,1066.5387586646627
Casting,1066.4982906596817
Nisqy,1066.4438378111017
tyrin,1065.8859782833904
Kino,1065.5663499217383
Mission,1065.2222185789706
Dragku,1064.9967811005015
Leave,1063.986322376952
Coward,1063.7291495794882
Telas,1063.6426279504835
zorenous,1063.1111621839657
Hana,1062.750471881652
Guigs,1062.6015787716376
hachamecha,1062.3633271336225
Fireblade,1062.325745198897
Lurox,1062.293962467182
Recap,1062.1430796537409
SofM,1062.0432609494376
Maynter,1061.6714484407935
Czypsy,1060.8960206289037
Sudzzi,1060.8859308535905
Roison,1060.8677995202165
Neramin,1060.859819124637
Paz,1060.736576373816
Color,1060.627483226368
Sheiden,1060.3297825239051
Corporal,1060.2764022760473
Mihile,1060.0503596164554
Neo,1059.7309167372878
Kofte,1059.6659670435022
Nestea,1059.5563200819925
LP,1059.455213596362
Zamudo,1059.4077645021832
Melonik,1059.3587449972265
Keres,1059.3478827855479
Ycx,1059.143398177616
Qats,1058.6437351542133
Marvin,1058.56637313824
Carzzy,1058.2477532332334
Vetheo,1057.3276654418376
Meech,1056.9769524231601
Fun K3y,1056.5657914074689
Piero,1056.07187189546
Lime,1055.6582358398546
Bible,1055.1126157817764
Photon,1055.1001324591166
Blazes,1054.8442309571794
Erdote,1054.6009574338448
Tatu,1054.3416982628962
Yursan,1053.434340571531
Hylissang,1053.3380124611158
Bong,1053.198649263964
whiteinn,1053.1154273533364
Winsome,1053.1049230773951
JoJo,1052.7826673443042
ppgod,1052.393694065161
Tianzhen,1052.2707423642705
Lost,1052.0788456518449
Savero,1051.924124251807
destiny,1051.6825500945056
pr1me,1051.5641794811563
Carlsen,1050.659753592336
Jiejie,1050.3210415147776
Morttheus,1050.067881539844
Siwoo,1050.0201969335853
Sharvel,1049.9754556717814
Saint,1049.8872426203466
UNF0RGIVEN,1049.746483976307
1116,1049.7226040235269
Solokill,1048.9466037783525
Foreigner,1048.9401239533577
Jiwoo,1048.4388329441013
Babip,1048.3133225300246
LokeN,1047.686516694899
Sylvie,1047.4658474731193
Bradley,1047.2732523743662
PandaC,1047.1623090731223
Zzk,1047.1509814170581
Array,1047.1153520682453
Iwandy,1046.8369497378994
sajed,1046.7300065735724
Chime,1046.5960804114072
Enty,1046.4180499899521
Hery,1046.1469272105019
Hanabi,1045.94194077693
QiuQiu,1045.3001123312824
Arrow,1044.9756309709046
Srtty,1044.9748117494207
Palette,1044.8521146415194
Angel,1044.5346216129499
Hoon,1044.1926037077492
Cube,1043.9160557618566
Shad0w,1043.7716472754466
Starry,1043.7574107151254
Mark,1043.5044133407564
Loopy,1043.0926043124755
Jackspektra,1042.9684635782821
DenVoksne,1042.6934704760652
xiaofang,1042.5722275196406
Wiz,1042.5609312648423
Venour,1042.5360092988924
TolanD,1042.2577903279725
Robo,1041.7377259842688
Dhokla,1041.4385943758307
FoFo,1041.359170183695
hulatang,1041.3566490415062
Croc,1041.2197712418013
VicLa,1041.1983647097782
Kasing,1041.1179557805049
sarolu,1040.8803436880557
FBI,1040.857504708302
Revenge,1040.8159651808448
Palafox,1040.806859795007
Diamond,1040.7583675438493
Crownie,1040.6792845487632
Kongyue,1040.6492671510155
Ayu,1040.5083592255564
Pyshiro,1040.5035854127048
Contractz,1040.1943777421598
Fisher,1040.1360134552249
Route,1039.5054989909254
Tutsz,1039.4733715244934
Diplex,1039.0795124712781
Sertuss,1038.8870582054478
Fleshy,1038.866071969593
Leo,1038.5915303163665
tinowns,1038.3955447281808
Faisal,1038.0140675076136
113,1037.8494391894023
Toucouille,1037.591501978262
Wayward,1037.539855520144
xMatty,1037.536967115913
Xerxe,1037.40509518607
Lilipp,1037.3234508596918
Zanzarah,1037.277529158405
Hiro,1037.2160223851947
FireRain,1036.908045739262
Bvoy,1036.8427153942046
huhi,1036.809181854919
kibah,1036.7882189315799
Invincible,1036.5047273566681
Assum,1036.115136994402
Xiaoxu,1036.000848909293
Snow2,1035.1721857905336
Porsche,1035.1341816516185
Mireu,1034.342637444182
Souli,1034.0627603519233
Shelfmade,1033.8920942298544
Such,1033.8220756032738
Wayne,1033.726527574536
Incursio,1033.4571506420918
Linfeng,1033.4239530645314
Chayon,1033.2459002736578
Climber,1032.9972350474072
Daption,1032.9113475558113
RedBert,1032.7415880854517
Hidan,1032.6622068985027
vital,1032.6495357820836
Grizzly,1032.5413401393675
alix,1032.1140779520952
Built,1031.9740515918656
Cinkrof,1031.861667638433
Jwei,1031.8580157354718
Odoamne,1031.787456406567
Uniboy,1031.6726339158856
KennyChan,1031.3991927174034
Niles,1030.9639293903283
Lwx,1030.9323097311765
PowerOfEvil,1030.5945057296328
Yohan,1030.5621969131973
cute,1030.2085318969127
Banderas,1030.155860099354
Oscure,1030.153460963099
Rbow,1029.9910358633338
Philip,1029.9404381131324
Rise,1029.8850049935857
yaoyao,1029.8387155114385
Syzyf,1029.8333103999862
ShazQ,1029.7170070775126
Stefan,1029.5262799429302
Trymbi,1029.5054311731406
yhp,1029.3228159819257
Liweier,1029.1169767008607
Mori,1028.8771718814558
Ryoma,1028.8383954084536
NOsFerus,1028.5927296010102
adi1,1028.5124825931223
Nia,1028.4849428610664
Niket,1028.3130315825179
Swip3rR,1028.2954951889537
k1ng,1027.7933665778469
Tempt,1027.6939367247958
Czajek,1027.6252417883015
many,1027.446192265664
Kepler,1027.4294722346947
svns,1027.3961449038204
ToongE,1027.3301352800502
Goliath,1027.2603051962153
Shikari,1026.980034058708
Zwyroo,1026.9606964228378
JiaQi,1026.8513089086905
Wangxiao,1026.685767785358
Jopa,1026.414966558632
CaD,1026.2204586325686
Marky,1026.1912758118979
Tomio,1026.1586899542488
Naak Nako,1026.0483422966413
jinjo,1025.7790103122381
Dragoon,1025.702300206441
Kice,1025.6992182054275
iBo,1025.6645889724887
Nuo,1025.6340975650114
Hieu3,1025.6226245538303
CBL,1025.5750729192139
Amazo,1025.537806771818
Tony Top,1025.5046632220692
Stend,1025.3507946629124
Santorin,1025.2824804554461
Jett,1025.2529973893872
naiyou,1025.2132586350924
Jerry,1025.1385140217744
Longmao,1025.0810931144274
Kozi,1024.852993204279
Ninefog,1024.8453097997408
Woolite,1024.8157725513456
Jankos,1024.7375707157494
JayJ,1024.4794136699109
Prime,1024.423973962819
TomRio,1024.239479180726
Lindgarde,1024.1210516770302
Theocacs,1024.0477511047347
Simpy,1024.020882029482
FIERCE,1023.9938024575335
Fahai,1023.9391705411441
ZUIAN,1023.9127671298925
Scarface,1023.8749489198716
Lekcyc,1023.4987591194332
Thayger,1023.4728503762833
eXyu,1023.3847303039037
Gloryy,1023.0911441756728
Sounda,1023.0400517781464
Sushee,1022.9670537905101
Alaric,1022.9221123630213
Kituruken,1022.7769208284785
Nata,1022.7707596029986
SCARY,1022.6067350508347
Bunny,1022.4891736360019
Pullbae,1022.455824219009
Wunder,1022.3905807311991
Kassia,1022.3861887407396
Kisno,1022.3669374940206
lolo,1022.1857287928518
RAFBIN,1022.1032618300432
Random,1022.0686226057273
Avra,1021.780326201046
Wilson,1021.7762716910413
Bugi,1021.7633289747168
Flakked,1021.6670933395291
Ming,1021.4381532470868
Leny,1021.3876570371057
M G,1021.1042611940378
BeanJ,1020.8685594595212
Acorderr,1020.8416292110402
Zap,1020.8317090174264
Levitate,1020.7851571764769
Erha,1020.7507730354362
FakeGod,1020.6452081841884
Duoking1,1020.4466475405237
Twiizt,1020.2787270804715
MAXI,1020.2033460152369
xiaohuangren,1019.9939280039787
Yado,1019.9802185221836
WuNai,1019.9706536011608
Lucky,1019.9443582829026
Serin,1019.896124213118
Zeyzal,1019.8856777801441
Rulfchen,1019.8801553817754
Shlatan,1019.5631769358621
Mxe,1019.4850355675183
Rin,1019.4777143835059
Aikawa,1019.3507501334453
Furuy,1019.3206198418407
Toasty,1019.2948590676806
Wao,1019.2505438389509
Hasmed,1019.1305121295326
xqw,1019.0774712859288
xiaocaobao,1018.9719332367683
Kedaya,1018.9166957476796
Lens,1018.881328517311
shochi,1018.8193456515925
Leemo,1018.7534157175315
frajgo,1018.6460961864102
behave,1018.6330273315199
Grell,1018.556401616853
Leb,1018.4849077037586
Crack,1018.3203065024874
evewin,1018.1257819876477
Perry,1018.1114402763036
sasi,1018.1094645083614
justcan,1017.977820262039
Manel,1017.9621705376842
Dove,1017.8982946676443
Lawrence,1017.5597812410759
Neon,1017.4247558511817
Taxvig,1017.1552139838792
Turtle,1017.1489239319811
Zuhy,1017.1374809478216
Ceos,1017.10796676377
Rutzou,1017.0791639480216
Fynox,1017.0670831823751
Shiganari,1016.9960072570875
Salami,1016.9612963475884
Qingtian,1016.8760826583492
Copy,1016.8439390870222
Daystar,1016.8068606633896
Ikigai,1016.6482518618933
Artemis,1016.4366749613027
Nille,1016.3958330396076
Bay,1016.3699194500274
Vertigo,1016.3314529586304
Sacre,1016.2500627076311
Howling,1016.2483214337003
Mixtsure,1016.2329830020349
Peach,1016.2273509387866
Simpli,1016.1760776992154
Czekolad,1016.1692518154105
xiaoyueji,1016.1183337481123
Cboi,1015.999439308622
Feisty,1015.9602621184871
Nanaue,1015.9057291797066
Togepi,1015.8456254550654
Prince,1015.8295052411745
Knighter,1015.8049869854692
Zinco,1015.7517474672413
nicolaiy,1015.7311756809206
Slay,1015.6914548764048
scuro,1015.6790813646388
Legolas,1015.6499280116958
Kachu,1015.6008904433945
xiao7,1015.5922232665166
Coated,1015.4717690130028
Quantum,1015.3024096486056
ThayT,1015.2211818441153
Tyrion,1015.1483697137285
Lyncas,1015.1258425118892
Matixx,1015.0348622788451
Rayito,1015.0338443632414
ShiauC,1015.0283245163926
Uneasy,1014.8030492780597
Vin,1014.6864582123474
Chookies,1014.5098311117268
Xzz,1014.4360668176025
Xiao17,1014.4233251970286
Jezu,1014.3735383753051
Pain5,1014.2871032740076
Jcom,1014.2753987005749
Taxer,1014.274238658864
Warrior,1014.1330276198897
bat,1014.0950966741552
Ljun,1014.0607613694789
silkysmath,1013.796171004031
Gury,1013.7771663345791
NattyNatt,1013.7142639331806
Lynkez,1013.4951495707381
TheHang,1013.4845234965711
Xingye,1013.2765574842684
Dardoch,1013.1725118894898
Garvey,1012.952355346027
Rhuckz,1012.9431696205834
Medzz,1012.8473179586529
Shakespeare,1012.4717660145305
Xeonerr,1012.4695190227367
Yupps,1012.4464329779902
View,1012.4320817803178
Rabble,1012.307059237887
Dioge,1012.2750594167649
Rifty,1012.2626802262711
Vinay,1012.2111293193411
Obstinatus,1012.1449796653329
Time,1012.0975461881575
twohoyrz,1012.073215286103
CPM,1012.0467206258111
Thomas,1012.024553913841
H4cker,1012.0104718206927
Akabane,1011.995296730507
EL ZORA1,1011.6650272901122
Bio,1011.633428195651
Poltron,1011.6320395080315
Daisy,1011.6316674538075
Roughbeanz,1011.6305122918859
Infoneral,1011.6017887706631
DrCalculus,1011.5990182636226
Monki,1011.4920208461125
Hans SamD,1011.2967692843895
Dun,1011.2792370334132
Ranchen,1011.254565092079
225,1011.1820256460771
Certified,1011.1656002432916
Smoothie,1011.1392835470701
RobbyBob,1011.076068616644
RED frostyy,1011.0598354271722
OvO,1011.0321976762381
pzx,1010.96226776531
Mersa,1010.9153403039802
Shy Carry,1010.8396611989017
Loki,1010.6856055564333
Yumeng,1010.6803784781848
Lure,1010.5385982104418
Lothen,1010.4967190962891
Aress,1010.4919633122148
Rooster,1010.4691260634022
Hauz,1010.4634324985482
Clareetz,1010.4588612114455
Sven,1010.3940566536778
Trigger,1010.3361310281717
Yuekai,1010.2381690042948
Kenal,1010.225679560995
Aeon,1010.1232019780439
KroMAX,1010.0755555986933
Kackos,1010.0211461656588
Syhm,1010.0014747245369
Yukino,1009.9757790117176
Mirror,1009.9633188686576
xiaohanbao,1009.8302617680833
L1f,1009.823888407758
Farfetch,1009.8109778861348
Hiccup1357,1009.7491135489273
Addusto,1009.6404023602742
redwall,1009.6010413722317
Romeo,1009.5386978581254
ShawiKatami,1009.5340814093079
RDL Winter 7,1009.506341691374
EU Red,1009.3908788424421
Samikin,1009.355442705009
XBY,1009.2725266278934
ECSTASSY,1009.260634752089
Bull,1009.2585402257706
Hunt,1009.162972381317
Harky,1009.1431240510406
Taki,1009.1354851216175
ESCIK,1009.0650420024085
Celo,1009.0571826051574
Frost4,1008.9577711692731
BIG Leon,1008.9557134836073
Chips,1008.8991368797807
OMON,1008.7848937012602
V1tal,1008.7120841419743
Seal,1008.6900608369286
links,1008.5294487350674
jiang,1008.4527618767312
Moyan,1008.3495812164798
Selfmade,1008.3086881069318
Insanity,1008.2629983658536
Hantera,1008.1095028049547
Lzq,1008.0588594715102
Frog,1008.0555025473049
Doggo,1007.9949989673756
Netuno,1007.9641870914288
Able,1007.9004089824034
Kati,1007.8414349886178
Rhilech,1007.7808278306187
xiaoka,1007.6306053485262
Yge,1007.6293832415984
Longqi,1007.5545072186036
sorrow,1007.549710450113
Wendel,1007.5477793470154
donbray,1007.5384852334982
IWANAN3,1007.4709597517626
SAJATOR,1007.4285215738105
WhiteKnight,1007.4047379825099
Miniduke,1007.3404058311293
fengyue,1007.3206391773163
Thesnake,1007.3201415940209
LvMao,1007.1902437835827
Wings,1007.1721147820067
Shrimp,1007.1488667742543
Seneca,1007.0038154253403
Alice,1006.9791100832771
Ayel,1006.9459735451533
Crimson,1006.9188519166187
Flare,1006.9038144993804
Lilv,1006.8703271574296
RYue,1006.8096341435905
Koldo,1006.7535063263831
Baca,1006.7311470004568
Efias,1006.7206014120039
dbh,1006.7044348137044
Xiaoxiang,1006.662864591656
Hiro02,1006.6454345967255
Willer,1006.6368008601128
Munian,1006.5814689100342
niN,1006.5429020827239
Hoshisora,1006.5210017124444
Sting,1006.438276673718
Thumb,1006.3929787540633
5K,1006.3412238261445
Ke,1006.3359354106926
Azog,1006.3349288363912
KMD Eclipse1,1006.315208537928
DLX,1006.280675766005
Cast,1006.2768524141034
Deadly,1005.9762888989264
Vit,1005.96867811386
Momo,1005.926460018654
SirVicta,1005.9128573408701
Zvene,1005.8746161713989
Scoooped,1005.869359409736
Rakhoon,1005.8427915957451
Kenvi,1005.8311912798027
Mitsuki,1005.7981675084814
Guubi,1005.7925610429297
arbrio,1005.7711220516964
Kanske,1005.7627255977523
PNW Meslos Dad,1005.7595140230698
Typical,1005.718849800021
Bananiasty,1005.6938368121648
Kourosh,1005.6862084143895
IGYxiaoyueij,1005.6802488511563
Slice,1005.6645947805165
Hatsu,1005.6597915186167
Mirrai,1005.6400614069913
Sumi,1005.6197268627232
Fruity Fresh,1005.6069798024174
Young,1005.5929349090202
huanhuan,1005.5589847471331
Danrengui,1005.4525560400662
Aetinoth,1005.4226262872688
kksh,1005.3298871478082
Kinatu,1005.3157619264838
Tong,1005.2985663193869
Ryan3,1005.283245757922
Rich,1005.253108311542
HotPot,1005.2516639046229
ZekaS,1005.2366525639917
705,1005.1911181507627
KryRa,1005.181240308427
Doss,1005.1557814461208
Kim Down,1005.1340232560187
3XA,1005.0117927700595
Goldc,1004.9977857188138
jokaa,1004.983663372844
think,1004.8452565400548
SoCool,1004.7769923304625
Pybal,1004.7761413814568
Milkshake,1004.7537537200508
Strato,1004.736680873842
0909,1004.7116978179096
RED doom,1004.7066163676159
Backlund,1004.6326584285698
Adiogs,1004.6000113927373
Fanatiik,1004.579464425618
Xico,1004.5367231677806
Horder,1004.4257568013588
Hauntzer,1004.258872378521
Inori,1004.245208940225
Sinmivak,1004.1324983680996
Xiamu,1004.1229928915416
Calix,1004.1212133346427
Pressure,1004.0433071987583
Untitled,1004.0006369509496
Clear,1003.9314028901409
Hadess,1003.9234115981512
JACTROLL,1003.9161501173304
Lava,1003.8416524794173
Hran,1003.8354032574633
Maxlore,1003.7982418215032
Vsta,1003.6971832298609
Delicate,1003.661638076937
Ranger,1003.6122929629455
Lojaz,1003.5774395430449
Doux,1003.5557100818822
Vinicete,1003.4026876857215
Hakari,1003.3109458427258
10ng,1003.2559912874268
JDMHran,1003.1444579887025
Lei,1003.110293068918
Callme,1003.0372991964027
Antcliff,1003.0370421786307
Starfire,1003.0359249646889
Yama,1002.9705744883108
DMN Clover7,1002.9571307255466
Lukshy,1002.9199885982453
kubYD,1002.8976077286399
M8 BAO,1002.8938526405435
FL Leo,1002.8744431131734
Tracyn,1002.8564880272447
Hungry,1002.8407592943531
zzx,1002.8370427189014
DUCK Hiccup1357,1002.8053808878274
Special,1002.78922459498
Aomine,1002.7757165498383
Nayuki,1002.7575900840991
Anato,1002.7001104575836
Soligo,1002.6844823870344
Moozi,1002.6488982517135
CL0UD,1002.642274739204
pqy,1002.6348995986253
Chaye,1002.6344145202863
Viketox,1002.6330692717023
Prank,1002.6181739829473
niinim,1002.6085888773665
Trigo,1002.6023743501969
Aloned,1002.5962076284779
Skaterot,1002.5633534476283
Bitse,1002.5615104644684
Kongzhi,1002.5494219403741
RELLancelotLink,1002.5485405893514
Namex,1002.5223683535563
Haoye,1002.520364524646
lamb,1002.4744850833212
Aang,1002.4209272172977
Rocks908,1002.4152494438638
7copy,1002.3986502375632
Eika,1002.3456014888473
DNA,1002.2734802657284
sinicky,1002.2259410524134
Weizhe,1002.1989131671565
Blubber,1002.1782905530606
Crush3,1002.1175187421549
MooseHater,1002.1056049402532
Tenshi,1002.0930002723934
Dawciu,1002.0791561170672
Anyone,1002.076278242048
kelin,1002.0564484721273
Bless1,1001.9955337335691
Griba,1001.9006323498498
Aliez,1001.8512766778101
zhiqiuyi,1001.7410920916645
xHun,1001.731464704414
Pride,1001.7296587222153
Ryuzaki,1001.6884944671871
ACD,1001.6854039691657
Vander,1001.6541956788268
Mimosa,1001.6448280138206
kairi,1001.627243890336
nyx,1001.6246169170594
Erolle,1001.554191196444
Mobility,1001.5443699455424
fled,1001.3400077142744
PicaPica,1001.3384609530623
Junhao,1001.2649970012974
Boukada,1001.2541304439483
Baut,1001.2394265271244
lanlan,1001.1860916350572
GO Prime,1001.1715281546531
Aherusi,1001.128511825531
xiaosiji,1001.0563729375019
Comp9,1001.0401322663176
Yozu,1000.9793270996798
Betão,1000.9557002325412
Mir,1000.9069086902665
Shogun,1000.873809244561
Invictis,1000.8535045893726
GuGer,1000.7586577135676
Ancrath,1000.6883944165742
Mirbs,1000.5970869035636
Davemon,1000.5763920633275
Warszi,1000.5757317029207
Poome,1000.5356574351899
Dan,1000.513719266616
Scarlet,1000.4722331731999
Vzz,1000.4488701873358
Pyrka,1000.4353995307116
Kubon,1000.3651914073238
Yunbee,1000.357093531892
Insulator,1000.3448960457146
Dragonmin,1000.3375746116968
SophistSage,1000.3288792371295
Manaty,1000.3130724699228
Mishi,1000.3050477836512
Letter,1000.2719395824084
rovex,1000.2373866875765
Darshan,1000.1983876455588
Raptor,1000.1968754543744
Yukina,1000.1843645024102
FlayStation,1000.1441156837047
Nash,1000.1079652958201
Peco,1000.0977816908143
Sorrow,1000.058187051632
Moxokx,1000.0525946100537
YJJ,1000.0513893048487
Later,1000.048955795189
Roamer,1000.0452143371933
Quest,1000.0120440929646
FX Baldan,1000.0116046632103
Jacob,999.9996495664766
Johntheman,999.9990890190381
Puppe,999.9528680806975
Gadget,999.9502040903684
Saint Ghoul,999.9321138861575
V1per,999.9192626771529
Trick,999.9061539061943
Lightpulse,999.9002512307381
Erixen,999.875399905235
Fastlegged,999.7795804916997
Julbu,999.7773332005013
Yusui,999.7729417836613
Elijah,999.7358030362367
Marcus,999.7336339063172
Kryze,999.7049866251756
Bartholdy,999.6932066492858
Prage,999.6058771699178
KingClueles,999.5945409701958
pui,999.5900813172208
Fendras,999.5802976527027
Envy Carry,999.5782215838558
Zapdo,999.568433693871
SageWabe,999.5603493076318
Marcv1,999.5566750238166
seaz,999.5546729572063
Eradan,999.5346110132716
Sephis,999.5220067177898
Pungyeon,999.4484965079527
Decay,999.444292829785
Xioh,999.4296175049302
Toaster,999.3885210678482
grieve,999.3110092523168
Rhino,999.2717439652237
Sayna,999.2682828541598
EvanRL,999.2500999972623
Luuukz,999.1801350429533
Healer,999.1732666437377
Instinct,999.1727603562767
Yan,999.1599519254212
6zc,999.089037312862
Soboro,999.0510345224445
Ahj,999.02722788398
Picknn,998.9950636679927
Buchi,998.9887004316805
Music,998.8943141913677
Coten,998.8222711335437
Ricky,998.7889729852413
Murilão,998.7728238749918
Relife,998.7424532943546
Maggie,998.6924955509875
Peter,998.6804273352271
Baldan,998.6534689028497
SaintSamson,998.6497804480604
MKL,998.6126511022145
Ermin,998.5847380479782
Flipper,998.5699646679967
M0NK,998.5279117443365
Yusah,998.5271333016751
Squiddly,998.5244363675586
ADD,998.4455885681962
Joey,998.4099518730862
Ultio,998.3854975679783
Lonely,998.3736652276401
Zalt,998.3574523892729
Denathor,998.3536047469743
charlotte,998.271608519371
Guoba,998.1841961166093
Lot,998.11223335721
Rosielove,998.092968220795
Genesis,998.0738248593984
TakeSet,998.0306292706288
Chippys,998.0119175515316
whisper,998.0055857029772
Regedice,997.9994514250924
Kaixuan,997.9323165357456
Enthralled,997.8775123450121
Serene,997.7658751123195
Chad,997.6458008373994
Baumeef,997.5911450858088
JayJay,997.5641700779272
winter,997.550859545475
MFSK nicolayi,997.5354631618317
Nulu,997.50871751006
Smalls,997.4953829335876
GW Pride,997.4923705469502
Chryssey,997.4771841178876
GW Peng,997.4761332290328
Ellim,997.3538620078037
Apii,997.3410956624858
Lqh,997.2992587464358
RAPHoshiyoru1,997.2713676549465
Syzyfek,997.2556915888156
Roshan,997.2445424322559
Stergios,997.2283679013668
JDMgrieve,997.204776850862
Xiaoxin,997.1631849982799
Strix,997.1505207024139
Phyro,997.1280217770566
PO8,997.1269850119569
GC 10 IQ,997.1188616107588
10IQ,997.1114915725426
FUR xyno,997.1041313785435
Gaeng,997.0885787653265
Biubiu,997.0734420912979
Myrtus,997.0687445080442
Darlik,997.0589437507249
Miss,997.0304522443789
LOS Alles,997.0294546657815
Bosketi,997.0278990801502
Rocklho,997.0206455867209
Zefirot,997.0078263278209
Hybridzz,996.9979841377352
Crow,996.996074819175
rngu,996.9922709396964
Sekkou,996.9741720325682
Sappy,996.9688608003125
Ariendel,996.9558151936002
MEECHOL,996.9198433761497
scamber,996.8987934586147
ziyou,996.8966935945888
DaMimZ,996.8894275078844
xyno,996.8856444272506
Catfish,996.8754182116783
Vinicin,996.8697587384686
Crazy Goose,996.8558960826498
Trevor,996.8544496021991
JunDa,996.8485810311972
Alley,996.8116148072824
Beenie,996.7941428930385
Reason1,996.775388194493
Reptile,996.7744915200725
Nidhogg,996.7698078424111
Zhengyi,996.7464141446694
UNIQ lolxot,996.7362599207598
Mousty,996.7103744858341
Jido,996.6782002589927
Centu,996.6682975775584
Gabex,996.6587321755969
Deathwalker,996.6579315557674
SirZepre,996.6489802867858
Baiye,996.6455432259983
Verdict,996.6319506012144
Artoria,996.6315622724475
m0chi,996.6287557603823
Paragon,996.6184199048456
Hook,996.6061479597004
Yuhi,996.5739295031009
Cinna,996.5458167812012
Allezs,996.4945177107722
Enigma,996.448493352397
TTYRyan3,996.3416809404715
FEBIVEN,996.2781316304162
Flocon,996.2745411112967
DONGGY,996.2443681344523
Shini,996.2194696422542
Grypcio,996.1978179562657
Brandini,996.0870601426147
Deadhound,996.0868603156027
Passzi,996.0760139045325
Zubac,996.0756663183748
AOE Wilson,995.9717072579517
chips,995.9328971869637
Legacy,995.9090145046055
SiuLoong,995.9038247662231
Alby,995.7154093228855
WCD,995.6369744839932
Touch,995.5503989006027
Chrisberg,995.5485577659067
Luka,995.5294118013437
Lingwi,995.5251635098605
Styx,995.5149742220522
Ploxy,995.500279765866
Career,995.4782321543762
HongQ,995.47048851433
Jeskla,995.4509170027163
Kynetic,995.4207896698096
kamilius,995.3775845830999
Alexx,995.3489658441665
Juice,995.3118632194713
Look,995.2993325971432
Jenkins,995.2938044862453
Ragner,995.2866979698209
Lancelot Link,995.2444433534138
Fai,995.2430070979381
Synotic,995.1837822569596
Akaadian,995.0207952618254
Vigil,995.0137963938522
Lele,994.9949860127889
Bazz,994.9929739661344
Concept,994.9773789104868
BuLuKaKa,994.9766227640125
Minui,994.9655709600567
Kakan,994.9427011852608
Vakin,994.9126482197802
Smurfe,994.7977703706797
Jejky,994.7318929474817
Clozer,994.7156597313148
Sparda,994.6872835169312
Kratos,994.6833780988919
Forsen,994.6538769078363
Valkyrie,994.626561581599
PAPA,994.6199079186855
Cyku,994.6012813863424
GHGGONEBYSPRING,994.5846498563377
Arven,994.5826491403213
Xiaoxia,994.5811677281782
ving,994.5760912411578
Bie,994.5481841749086
Paresz,994.5317166382628
Fresh,994.5289928520357
JON1,994.4821941924155
Vardags,994.4723671165445
Wantage,994.4716586455822
Baashh,994.4608300579739
Grisen,994.4383058303713
No1,994.4306639959409
Kojima,994.4183291734021
Avano,994.4114569510881
Dong,994.4063736441793
Yxl,994.3801891925278
Moesakr,994.351881105823
AMI Lojazz,994.3486114632232
KoKooPuffs,994.326055212776
Cirilo,994.3127089305996
Dunks,994.270538351668
Porcupine,994.2673252097111
Edvard,994.245768412414
Klaj,994.236847964474
Wen,994.2344470423226
Long,994.225232449848
Good Boi,994.192315846084
Cypher,994.1741882112855
Mysun,994.1627258649522
sqb,994.1577750097006
BW Quest,994.1480106929861
Cozy,994.1443653148768
WU ChickenJo,994.1433499303104
JJK,994.139726959622
Rapid,994.1311159538034
EliWood,994.129503004137
Goldenpenny,994.1264511812519
Flowing,994.0922485129504
Burai,994.0682966834197
SW,994.0570885466061
BRE Knewnaem,994.0058014998654
foj,994.0046400667179
LOS JotaEmeZ,993.9988935030063
xCharm,993.9793064786529
Nodal,993.9689802923496
Leo s Man,993.9491596954293
Azitor,993.9325667447501
Mmy,993.9173445009002
dtro,993.9085724701993
RAPQingshui,993.8969943581658
Kania,993.8934988341265
Fuuu,993.827793537568
Keel,993.7887417731856
TESCAlice,993.7793825968371
Aito,993.7377949283753
SappyMS,993.7312206954052
CRoNiiK,993.7188988082472
Benaset,993.7187999143272
2Axes,993.7146329635659
Kamiloo,993.6981118969179
Misanthiel,993.6979986794759
Crucile,993.6654449586653
Piwek,993.6563138021037
Shimmer,993.6260754796202
AHaHaCiK,993.6052115634127
xLiang,993.6046026958056
Bruhruto,993.5791781527748
uni13,993.5543572355108
Ashes,993.5505948367492
Sn1lle,993.515204333281
Moyashi,993.4655518831167
yumichi,993.4651284620764
barlo,993.454712822433
Rubenxico,993.4282055752434
Menace,993.4196575845444
Allorim,993.2933815680516
Youdang,993.2693401911442
Vizicsacsi,993.2523258704402
Qitong,993.2312728232832
realms,993.1981227613206
Haster,993.179458329949
Kabishou,993.1726150668203
VTX Rosey5,993.139227352096
Qwacker,993.1220908776926
Sponge,993.115774112589
Beta32,993.0578652619853
kehvo,993.0413062852168
kylin,993.0363107474294
Traffy,992.9744038356313
0din,992.9700337228661
SniIIer,992.9525234500222
Zty,992.9362354444892
JiT,992.9010159398781
Ginrais,992.8703388532784
Beluga,992.8388410674098
Guapi,992.8130773270025
torch,992.7883820829951
Feifan,992.6976168061329
Lancer,992.648638318507
NoName,992.6229351252998
Gyosoo,992.6144143400111
Janus,992.5890697944998
Six10,992.5878124463917
Kolthro,992.4867047245192
Peng,992.4714675654537
Crisma,992.4671804812953
Qing,992.4373587192698
Zemnas,992.3833598440303
wittman,992.3498801263672
A Bee,992.2469877075473
Xing,992.2446172859585
Ragnarr,992.2376094952299
ST3PZ,992.2362095878871
aadurrr,992.2195630001053
Bibi,992.2045454467052
OddOrange,992.1667334875441
Indecision,992.1535379485427
Getback,992.1283134073594
Ducks,992.1170736645132
Winking,992.0567403038267
S04 Seal,992.0370034767444
Emp,991.9702447498047
DrChaos,991.9668850653561
Kiari,991.8920968545094
Furby,991.8884460960018
prey,991.8630167123132
lucius,991.8134574014999
BakeryBoy,991.8006459975077
Theodor,991.7892073029298
XBear,991.7688678262468
Pockus,991.7622022284193
RickLafleur,991.7621025583256
Sh4dowUS,991.7224320613919
trilan,991.6138883538633
ZKG,991.5939730361201
Valans,991.5124710418759
R4VEN,991.4886803071249
Smart,991.4496828860835
kkero,991.4320033123404
Icelandic,991.4275761762813
Maul,991.4208536199521
UrUncleSam,991.4182613139982
Shogo,991.4107812609378
Fogzy,991.3919190058073
Stray,991.3816612854267
Sotsy,991.3539778562242
Hazel,991.333410437564
Sarcasm,991.3152147448117
Tsiperakos,991.2877540144341
Topo,991.2785915228993
selenex,991.2337990257171
Wuhen,991.2279754134062
Fallen,991.2042004946652
Rodger,991.1996296509064
Jujutw0,991.1852547472554
Kurfyou,991.1786320393849
GFP,991.1577042051072
Bounty,991.1338659349154
Bolyy1,991.1261508746414
DrewDozer,991.1175036035008
Matias,991.1135914350347
Tempos,991.1133935889089
Disconnector,991.0978076477005
Flying,991.0918418267962
Zicssi,991.0835132833805
PhenomEX,991.0743933100358
Kenji,991.0304287750514
Steeelback,991.0270497467251
Dorian,990.9993554712474
StineR,990.9974525864344
laoduan,990.9974053702838
TT,990.9525965091021
belit,990.9224389577384
PhantomStar,990.8683534667574
Pleata,990.863803809323
Mabud,990.8447729248812
RBM,990.7869704897954
XHB,990.7612294786287
Walnut,990.7608906347052
EGO,990.7338707598097
Prismal,990.7114317402535
Kaori,990.6823769164595
OddEye,990.6589153661562
Skeanz,990.5824823670915
Noway,990.5285318677144
Leon,990.5139763103571
Nukeduck,990.4978095621436
duong pro,990.4903040266613
sahori,990.4808256721392
Myths,990.4499563233139
Dajor,990.3702769918759
TQ,990.3436528662965
Doxa,990.3367457928777
Rabelo,990.2984089798788
Teddy,990.2878216057078
Likeamaws,990.2769769328277
Execute,990.2730659210276
Just,990.2568690634135
xzy,990.2445080386526
Samkz,990.2365821969861
Yute,990.2129095824773
Chemera,990.1999022157551
PatkicaA,990.1813390733796
Goot,990.074708435851
Sty1e,990.0417272230583
Pluto1,990.0008232172196
FENZ1,989.9775742300429
SkyTec,989.9321561208133
Mrozku,989.755195593858
Feikun,989.703590315246
Grzybek,989.7022231942165
Space,989.6879447397479
Syrpy,989.6769979865516
Sawyor,989.6309677297088
Geiger,989.6078960743359
Ephekles,989.573239552089
lethe,989.548632426854
Juzo,989.4995789234247
Midir,989.4880978454004
Reversed,989.4697858799992
Mewkyo,989.4514316207271
random,989.4055639233459
Mask,989.3973967544035
Kitano,989.3868248931528
Pipibaat,989.3442188107548
Ady,989.338454388565
Debounair,989.3309693264239
Dreto,989.3143056742139
Svenskeren,989.2813346159901
Max108,989.2685627569936
Matty,989.2385279064291
Ablazeolive,989.1163541477074
Sandwitch,989.1110483772106
Eckas,988.9724433138354
LastDanceDF,988.9704156026695
PrettyGRE,988.9450570844577
Saulius,988.9234374525802
Klexo,988.9087815880024
Bonnie,988.8637994139434
Badlyyga,988.8334086162829
Only35,988.8212663185094
IMP Blaze,988.8082246842939
Tempester,988.7921564758744
z1n,988.7383293801578
Yashiro,988.7172550128905
Last Dance,988.6260713140458
Snurmi,988.597284233227
Aojune,988.5107297127154
LIDER,988.4982078793391
YNO,988.3716074034814
Paclo,988.3027037387392
Courage,988.3013458359543
Deamon,988.2595282764382
Meslo,988.2584075426806
Diesel,988.251268926083
InoriB,988.2423751406483
Aizo,988.2410313566588
Reppy,988.1817999342709
redhair,988.1377061346072
Cryogen,988.1236775683199
Keaiduo,988.092117252358
Eliass,988.0216458933157
Shockey,988.01606617068
Hoshiyoru,987.9968894660957
WaenA,987.9387362420117
Relaxing,987.9280011350929
Gamsu,987.9017268235466
Rain1,987.8804784923929
Fiji,987.8411337361481
Flay,987.8327270145962
Improve,987.822588605897
Cuuz,987.8208034034747
Coldraa,987.8207651336007
Idol,987.7901430856326
Asilah,987.7795229357081
Yoru,987.7686842423658
HONOR,987.7512772101247
DnDn,987.6777906843135
Xin,987.6571587997289
Halo,987.5380277067268
XuHao,987.5131221278699
Nemesis9,987.4931323971225
Skewed,987.476374113123
Ribu,987.4414004937374
Decoy,987.3426702048521
Sjakal,987.2754571889726
Mietek,987.2510077832891
Guwon,987.2484577703111
Lucy,987.1924040597729
Puppeh,987.1239507170018
curty,987.123121499457
Damage,987.0803903533937
Bulas,987.0633859959601
Mentality,987.0536696181551
Nomanz,987.0511820656442
Munchy,987.0400283875581
Relative,986.9578605782782
Phuc1,986.9326678040255
Ariana,986.8359895694476
Nash1c,986.794298108267
ROCKBOOM,986.7692604051906
Don Ponk,986.61186550924
Megumiin,986.539803443729
Kross,986.4551828879655
Clover7,986.447620220098
Devin,986.4280562724057
RustySniper,986.4234000065866
DOOM,986.2746896333862
Tenacity,986.2496204441494
Scuffed,986.2410822977109
Chazz,986.2072273728355
TENG,986.1843264311816
Boal,986.1381996605148
Makony,986.1067749407871
Pehrson,986.0447291434695
Xoska,985.9558094199134
Jaunutis1,985.9419969447314
styled,985.9307789877098
Tangyuan,985.8859631406247
Hoglet,985.883363072179
Gru,985.8741400527138
Nite,985.870270054647
Voxtrik,985.8502410927515
Went,985.8497861866344
Nukez,985.8046851196232
GEPARDINHO5,985.7719567760571
RonOP,985.7687146679641
Gabbo,985.726880733843
Forlin,985.7042077301498
Lucker,985.6967651384584
Ivan,985.6739430486418
zynts,985.6380538470303
Pridestalkr,985.636121987205
Thominhas,985.5931746367003
Tyson,985.5827296415802
Advienne,985.56093922215
Diable,985.5377414155054
Yanxiang,985.4898184965841
Faetski,985.3905288960352
5t5,985.2832971429694
Raxxo,985.2789788436785
Berr,985.1829375308214
pump,985.1725636871363
Aincardz,985.1594648196556
Sant,985.1284166863709
YeG,985.1222428801334
WildTurtle,985.1174374273121
Titan,985.0849555607244
Blacky,985.0843995119845
pinz,985.0787906366012
UCIULINHO2,985.0743262393355
uden,985.0613205306327
Excelsis,985.0306189780815
Hyphe,985.0180824078537
Cupic,985.0072964285091
Nero,984.9923907281587
Lulas,984.982882890997
Duduhh,984.8930688030924
minemaciek,984.8866947697163
Anyyy,984.8588666002195
DahVys,984.730908463582
Boy Wonder,984.7083179116278
sjj,984.6828966425826
Ferret,984.6149189007441
Cabochard,984.6027600140222
Theoloris,984.5963992629552
Will,984.5917086542848
Difference,984.5748180414273
Asza,984.5711224486142
Baul,984.5620217776841
hybradge,984.4935287220134
banye,984.4918027908852
Badlulu,984.4590584866344
IC8,984.4575263587899
Ko1eee,984.4099001396338
Breezy,984.349910136056
DDoiV,984.3478718567158
SeTab,984.2551037269151
Snabi,984.2433252457685
BoilTheOil,984.1126318769229
Ukko,984.1056404384582
Clyde,984.0857387113659
Antonio,984.0710210710353
IamSunlight,984.0328755133315
Blink,984.02662319091
White,984.0231530671132
Wuy,984.0150308355106
c0st0m,984.0015815346461
UniqueCORN,983.995840815504
bbeNj,983.9876454038869
Afroboi,983.9385378012995
Chosen1,983.7528436918594
can,983.7384717319826
Balder,983.710407750686
SAKEN,983.690859637997
omly,983.6719442238368
Realm,983.6538235462184
Torak,983.5841130177608
RoseThorn,983.5098715599602
Hena,983.4954301784369
Papiteero,983.4785021021155
Sebal,983.4719482409644
Zorah,983.4629132425048
Dec0y,983.4452243112872
Evanlai,983.4371588202656
Vergil,983.3193081610665
Carim,983.2027145973757
Calmsky,983.1802821381066
Luuuck,983.1620466234895
xDrop,983.1238552150509
Dopaminw,983.118410057933
marlon,983.0988099095819
yazi,983.0785207511428
Moon,983.0115477628227
42 Nuker,983.0107011273833
Bjergsen,982.955444772882
Flawed,982.9282090783265
Yampi,982.8597669024288
SHIHAN,982.7537734726633
Minous,982.6867077479445
Mido,982.6183473444182
Phantomles,982.5681368055263
Nesty,982.5154766772762
Darwin,982.5087899793901
Woldjo,982.4058710527343
Poopy,982.4002902392891
Kookykrook,982.3950902681594
Chasy,982.3718208249388
Kobbe,982.3486390247729
Densi,982.3267028172669
fjoompbun,982.201241220125
NinjaKiwi,982.1765516030977
Shaolin,982.1521428728781
Lari,982.0966657588544
Yesjun,982.0746677524796
Froggy,981.9896214270083
Alive,981.9100406346192
Shoiti,981.8579772546881
Siuman,981.7283912621326
Toppy,981.7229474090436
Armao,981.7114706651967
DWT Pepero,981.6970927252023
Nightstar,981.5206986700547
IlllIma,981.4774318790426
Kentakki,981.4629338068113
YuNIshinoya,981.4562561644827
Jaqen,981.420170275695
Messages,981.4073130065942
Adison,981.3634814889463
Painful,981.356921160817
Attila,981.3524420434858
Gaarfield,981.2822603407769
TheNiu,981.228097244174
Pomo,981.2005582206216
Virtuso,980.9075278985458
Kaido,980.8962743029539
Rexat,980.8224910970383
Doraemon,980.6324823895741
Xhow,980.6261179422959
Kabs,980.5924026940021
TuT,980.5475889933209
D4nKa,980.5292479703063
Visdom,980.5131364776684
kurulean,980.4169061346812
Kerry,980.3343967712426
1024,980.3101316390924
Duro,980.2930077823472
camellia,980.2903264498316
Yojin,980.2493575461016
9God,980.238676553089
Wixxi,980.1991884127254
Vahvel,980.1592513748875
Onat,980.0655368870492
unexpected,980.0558361297917
Vicii,979.9887254048858
BAO,979.9027666689524
GG River,979.9004985006222
Shift,979.8617976417361
Sencux,979.8556299785539
Ag0nyPain,979.8134321497179
Abyss,979.8029555295324
Miracle,979.749805308701
FATE,979.7355152211259
Sandflame,979.701344099326
Maniac,979.6728871336293
Harbo,979.6650708593559
wenwin,979.6544558835985
Siler,979.5696261448132
iBoy,979.5099937839921
Saber,979.4250278723429
Kitzuo,979.3803350582502
Yummy,979.3297499837247
About,979.2995751356561
Lunar,979.1171766433858
Maple Syrup,979.111850386536
MKR,979.0426732989077
winnie,979.0334965256657
PCL,979.0237786548331
Envyy,978.91518764858
Xavi,978.6178528864125
Xelar,978.5878131535366
PmK,978.4753236685821
Javier,978.4438083023622
Kazuto,978.4047131192901
Nijhuis,978.3688369423483
ZJJ,978.2374066377672
Starlit,978.227837004233
Goo,978.1400787445878
crackadon,978.1292494375604
Citrus,978.1252134707969
Penguin,978.1166843992035
Hustlin,978.0083334001434
Mart,977.9896121350952
Modliszka,977.9872149967144
Zhovy,977.9720924250015
neyzz,977.8753049723927
RanL,977.8701785445942
UFO,977.8536969102271
Yume,977.764839830741
Krysia,977.644134139357
eguto,977.6320203907603
Kei,977.6250307236005
Dancer,977.5268282075585
Kina,977.3857646663854
Ventair,977.2996137844698
Livatious,977.2931392114208
Claws,977.1128493222222
LVS,977.0930738001966
Hid0,976.8015088653834
Qingshui,976.773874403345
Rigel,976.6567063597461
Evi,976.4839596633714
Sword,976.4342436650986
Nice,976.3823118190369
wind,976.3582155394233
Mystiques,976.2724324561249
Smash,976.235795340257
tears,976.2093423301878
eight,976.1912381109522
Berik,976.0412656129923
uZent,975.8379733169306
Relive,975.8169898341201
Hardstyle,975.7800443909857
Racerr,975.6935085953862
New,975.6566280936152
yekai,975.6170391779266
Dal,975.6118582595038
Stoneses,975.5422570799266
PederseNN,975.4655347562554
cyraXx,975.4242626585959
Antwere,975.4167842800674
Diagu,975.4004671955564
Destroy,975.3936254455483
Paul227,975.3916371509163
Hatrixx,975.3540014158799
Pabu,975.3189519669202
Rafitta,975.3126178320153
Nafkelah,975.1449224925163
odi11,975.1388836602456
Cadence,974.9787955810067
Rekkles,974.8555043063337
Killerqueen,974.8178748633742
Kangin,974.8082089089214
Innaxe,974.7451687892611
Memento,974.6688293766124
Ronaldo,974.6332032548488
xinsheng,974.5475616837302
warcyclone,974.5242048998876
Tazaku,974.4292439417728
sheru,974.3323554744236
Pann,974.3228184247054
Obsess,974.2391199619408
Kick,973.9247149822811
DaJeung,973.900044248368
Liam Cole,973.860583511624
LEQINHO6,973.7830683220421
Finn,973.6068096774352
DARKWINGS,973.5996462966326
Yuri,973.5733873349753
SOLBON,973.5729687015875
zzl,973.5234406843546
wenyi,973.4586382146467
Empty,973.369567530442
Randal,973.3498287376506
Hugato,973.3335871898377
Tore,973.0326868299861
Doxy,972.4098383648987
GuanGuan,972.3847505244493
Kui,972.3427860944346
Malrang,972.160760657523
Harder,971.952403276208
Castle,971.9134543883538
Olleh,971.9033248847684
Cha9,971.8114472268093
RJS,971.809770196563
SkyBart,971.8021746611106
Pout,971.796670254759
999,971.7826289842964
4ever,971.7421377222427
CrjaY,971.7271782011492
TC,971.6594249599196
Ssumday,971.567770314597
Spawn,971.5195740257573
Zev,971.4022032863089
tao,971.274786995572
Naehyun,971.2492969392189
luxury,971.2408987085561
Chenxuan,971.1246784222582
Treatz,971.0691002079543
LJX,970.9000165819917
Geju,970.8892326932503
Westlander,970.8706072599053
Zephyr,970.8682103166759
Mihai,970.8487146675791
Rosey,970.8134407727096
Today,970.7892947841302
Ryaan,970.7326945265498
Vinboiz,970.7074193763605
yones,970.6089199081624
Eisley,970.6033334817536
Szygenda,970.5552093302705
Hexflash,970.5517496180074
Ophelia,970.4023083115318
Yitai,970.3591580765584
Zoelys,970.266860127697
beishang,970.1607236516978
HeSSZero,970.1331767401658
Voluxa,970.0741231788528
XinLiu,970.0425518734435
BEAN,970.03924386031
Levizin,969.9178772770317
Krastymel,969.8704423738267
Milica,969.8535162485128
Soweto,969.8466819427603
Bung,969.8360833904093
TheNut,969.8085982691678
Godtone,969.7958627413325
Leandrinn,969.6560832066671
Frim,969.6374728990653
Poby,969.6169250437407
Egetz,969.5983158015084
Markoon,969.368606850449
huanfeng,969.1917892760847
eHopp,969.1041522133798
doing,968.7867899550415
DesoLinee,968.7472165217575
Mazi,968.7375211124187
miya,968.7306702711365
GGiler,968.6633639965502
Hyper,968.637457645139
buffi,968.6314616714491
Baloo,968.5918331566379
Remix,968.5708688232019
Alex234,968.3240875309416
Domas,968.2851556548223
Arnax,968.2843495217883
forse,968.2622870671942
SLT,968.1201584877894
TynX,968.0760161504654
Jenxas,968.0410894806216
Puddin,968.0114214471455
Danteh,967.9557166225343
DAMKEXHINO4,967.893987332679
DudsTheBoy,967.8639669032882
Jane,967.7308826588682
Southwind,967.661454341746
Bo,967.6146798544256
1Blue,967.525900636034
Missia,967.188750182614
Larssen,967.0798379426146
bkr,966.9911832010648
cc,966.9806698837072
Comp,966.5203479445368
Rosa,966.5044764015396
Forest,966.3915160584106
Strive,966.2690226741578
Arding,966.0752978608905
ShengBai,965.8318701817651
Kazmma,965.7559437415191
C7N,965.6842699325567
Djoko,965.6402299248881
Akre,965.6175938660344
ICU,965.5518405681463
Hydra,965.5136169632972
Enosh,965.3122533305512
Kadir,965.1688485903462
Kio,964.89987869159
naau,964.738403239249
kyeahoo,964.6261992496662
Doublelift,964.5282213447464
Momochi,964.4980935544895
Sorn,964.3670603394776
Decade,964.2289169902618
Notiko,964.196772225691
Lpc,964.0768165069932
Realer,963.9295983957335
Paduck,963.7797955554507
JiaHao,963.7392693688743
Don Arts,963.5526348020131
konseki,963.392471093776
Dream,963.2263329334256
XiaoDanny,963.2068808532202
Bolulu,963.1348927126116
Plux,963.0395474443029
Veignorem,962.8918093121572
FGG,962.874351913725
GodJJ,962.6179327707194
Chungy,962.5805407868154
Solo,962.5244790078433
yuyanjia,962.4372247087674
Town,962.322889041887
Zest,962.2238315955054
FIESTA,962.1101047081146
Mis,962.0387804400111
DOMOLES,961.8921297146775
Nebula,961.8389285134118
Reaper,961.7920431383835
Pollu,961.6602397131023
Tavares,961.0037737232298
Taara,960.9783501899354
Zodiac,960.724567050639
Ryuk,960.6528187814996
Saviour,960.6064555689118
Nio,960.3090926821868
Samver,960.1662215739162
Rascal,960.028014588751
Seranok,959.6664590596007
Endz,959.4391855603582
s0ul,959.4178727798983
Dahlia,959.3652176789044
Namgung,959.0582104704239
Ivory,958.8391756261867
Winner,958.7166221559456
CARFE,958.7033003679946
Lospa,958.5425146369039
micaO,958.4959994015317
Dooly,958.3325981627152
yeti,958.1930295902172
River1,958.1141351792543
Yed9,957.9213683217425
DuaLL,957.86219703263
Hong2,957.8481870890319
Qiutian,957.7972376217638
HwQ,957.7556401490998
LeeSA,957.5494947733291
Flamer,957.417648515975
SkB,957.3244839072457
Felia,957.2518434976193
tako,957.1839918864954
Zothve,957.0480278205238
Josedeodo,956.94720129963
Overture,956.7789064538315
Ru0,956.6525731894936
Luger,956.64093625514
cody,956.5078140641119
Spooder,956.3371260641878
Forge,956.1395357135551
Smerv,956.1176130695221
Ruf,955.8879862604714
Loco,955.8683845183822
Wxm,955.8566602163596
Snaker,955.8317309014499
Tactical,955.7738048833498
ea7,955.7207761260552
K1ller,955.7198851837093
Capp1r,955.7173934378375
Ouzi,955.6450193711115
Makes,955.6283388879128
Ackerman,955.3176643435071
Hyo,955.3157806056693
fearness,955.1961717523085
ANDARIEL,955.1739730929867
ZaZee,955.1310298473123
DizL,955.0577195617383
Taeyoon,954.9686857467577
Effort,954.8740189091305
zamulek,954.8705097786637
Morgan,954.6787579711475
enel1,954.6736944039969
zay,954.6489296835248
Gamin,954.4786486875662
playcool,954.1896802136987
jmz,954.1658873129595
GIDEON,954.0842604773289
Airren,953.8262510342634
Kaiser,953.7184099302502
Cheoni,953.6884461325641
Van,952.9983277646901
Yu,952.8276447115985
Tay,952.6105226272532
Perkz,952.344691401414
TaNa,952.2846628331563
Agresivoo,952.259961365917
Wos,951.8887888341653
Rineko,951.8869298618023
Dicey,951.8393335893725
lee sang,951.8213699801768
MIK0,951.698392309899
Aspect,951.6421913612845
Michi,950.9554441176879
gunkrab,950.3001926212304
Bini,949.97734170642
Astaa,949.6876962852194
Drakehero,949.6268857021098
Ssol,949.4650009595958
Findo,949.306058118276
DDahyuk,949.2992599432033
Guti,949.2529279360921
Dreedy,949.2122423747359
PlanB,949.1921502802368
Biofrost,948.7695854055825
Mole,948.76084967471
DICE,948.6104014123238
Kaymin,948.2120810184236
Tahahy,947.9467375003792
Toye,947.9257380321399
Ketim,947.6252477441361
Draktharr,947.3974197907775
Cavalo,947.2888704569376
Akano,947.1430517882659
Pilot,947.0618453395962
aveng3r,946.9990856676075
HorangE,946.9225828572748
Slayer,946.9114640713804
Gerro,946.900746437336
DasheR,946.5521285646039
Karis,946.5181918731383
Ning,946.338495969675
Soraaa,945.899047054959
Yuki,945.5110285896893
Vincenzo,945.3784198634976
Cleaver,945.0615307934489
Desire,944.919048246076
Ever,944.9015329556362
Matislaw,944.5368856724378
nox1,944.5360869981786
Lamabear,944.4975022065832
Envy,944.4928563447562
Praedyth,943.1324826535642
Nectaar,943.1312464606974
Richard I,943.0581422018917
XLB,942.8313584922214
sanghyeon,942.7961420775608
Katsurii,942.2106302756464
Duck1,941.5078875105373
Yoshino,940.7606309747489
Lelecha,940.4743150476954
T1en,940.2443008137518
minghai,940.2158700647637
Cassin,940.1966202300223
Chirp,940.1740281403044
Qoo,940.0894674810695
Hetel,940.0655528530448
SuperCleber,939.6793589352129
lunacia,939.2875447095448
Ino,939.2742028901566
Blazze,939.1384850470752
Acee,939.0611452228962
Seize,938.8116621811643
Ruby,938.5327585453117
Fornoreason,938.4258627642328
Dreilix,938.3521489406899
Pun,938.3173306319192
HRK,938.2163992947437
Bejjaniii,937.6791649171207
Aithusa,937.4234622176871
Armut,935.8547765781016
Lellis,935.6344323374774
Dizin,935.5317209558075
Sthe,935.4309831339694
Namiru,935.4053255257693
Vaunted,935.0646697396909
Blaze,933.9737815779454
Jayke,933.3889961418303
Sketch,932.7506023797663
Meliodas,932.667444356049
brTT,932.272471686402
RAV3N,932.2052709355708
Ch1Chi,931.7605712251569
Flawless,931.5577242934071
Entrust,931.1905525173141
Primo,929.9150961559753
Eugeo,928.6934449166
Slowz,928.399758954014
781,928.1480896738268
Arashi,927.8767484712478
Tomasino,927.6820509814032
Shera,927.4715372796326
Marble,927.349187148783
Shinki,927.006618939342
Hoopa,926.8177477968211
Raina,926.7520313441748
Nxi,926.3159045735268
Fiya,926.2776725846304
JP6RU8,925.7796249136937
yjy,925.6626777755239
Lacunae,925.5647570815815
Calumnia,925.493048910391
Meifan,924.6043655625707
YoungJae,923.5275372407599
Juliera,922.1042877619025
Baolan,921.9714678017001
Bulldawg,921.0980106683082
NuL1,920.9603282058364
Tron,920.8875417982648
Kakkun,920.8528695244045
Gooby,920.674240462981
Accez,920.5192704752571
Nap,920.4038129086656
Honey,919.9898303259143
Cheng9,918.9047315585019
Reufury,918.2659946273735
RenYe,916.567630314121
VENDRICK,914.6513737813194
gabn,914.0663485488715
Washidai,913.3418220629989
Goodo,910.3457552735684
mfis,906.8226574043601
zzeta,905.9749853154906
Sunmer,905.7993791718735
Relhia,902.8091529387387
Sovereign,902.5396629011971
tol2,901.6975406898184
Woodon,900.4799902305716
Voice,894.9736332839723
Jool,893.3024456711677
HowLa,893.2277761017396
Charley,891.6792742090124
Pepero,890.8798795696
EnHoa,885.694152220859
xiaotu,885.4025504609014
WSL,885.3230050868449
EL,882.9801787922796
2T,871.676140913627
Zin,869.6813550383882
Spot,869.368877626592
dresscode,837.6549344931246
Artifact,837.6538713244283
